league,season,game,team,player,league_id,season_id,game_id,date,shot_id,team_id,player_id,assist_player_id,assist_player,xg,location_x,location_y,minute,body_part,situation,result
ENG-Premier League,1718,2017-08-21 Manchester City-Everton,Everton,Wayne Rooney,1,2017,7138,2017-08-21 20:00:00,158522,72,629,176228.0,Dominic Calvert-Lewin,0.4607450067996979,0.9159999847412108,0.4520000076293945,34,Left Foot,Open Play,Goal
ENG-Premier League,1718,2017-08-26 Bournemouth-Manchester City,Bournemouth,Charlie Daniels,1,2017,7139,2017-08-26 12:30:00,159184,73,459,,,0.017739800736308,0.8780000305175781,0.8059999847412109,12,Left Foot,Open Play,Goal
ENG-Premier League,1718,2017-10-14 Manchester City-Stoke,Stoke,Mame Biram Diouf,1,2017,7194,2017-10-14 15:00:00,160524,85,868,178461.0,Jesé,0.0557867996394634,0.855999984741211,0.364000015258789,43,Right Foot,Open Play,Goal
ENG-Premier League,1718,2017-10-28 West Bromwich Albion-Manchester City,West Bromwich Albion,Jay Rodriguez,1,2017,7215,2017-10-28 15:00:00,160165,76,844,178027.0,Gareth Barry,0.2646729946136474,0.840999984741211,0.5209999847412109,12,Right Foot,Open Play,Goal
ENG-Premier League,1718,2017-10-28 West Bromwich Albion-Manchester City,West Bromwich Albion,Matt Phillips,1,2017,7215,2017-10-28 15:00:00,160180,76,1737,,,0.5922219753265381,0.955999984741211,0.4929999923706055,91,Right Foot,Open Play,Goal
ENG-Premier League,1718,2017-11-05 Manchester City-Arsenal,Arsenal,Alexandre Lacazette,1,2017,7228,2017-11-05 14:15:00,161004,83,3277,179006.0,Aaron Ramsey,0.0750152990221977,0.9259999847412108,0.3259999847412109,64,Right Foot,Open Play,Goal
ENG-Premier League,1718,2017-11-29 Manchester City-Southampton,Southampton,Oriol Romeu,1,2017,7257,2017-11-29 20:00:00,161254,74,842,179308.0,Sofiane Boufal,0.4712710082530975,0.916999969482422,0.4429999923706054,74,Right Foot,Open Play,Goal
ENG-Premier League,1718,2017-12-03 Manchester City-West Ham,West Ham,Angelo Ogbonna,1,2017,7262,2017-12-03 16:00:00,160669,81,528,178616.0,Aaron Cresswell,0.1000860035419464,0.925,0.4570000076293945,43,,From Corner,Goal
ENG-Premier League,1718,2017-12-10 Manchester United-Manchester City,Manchester United,Marcus Rashford,1,2017,7276,2017-12-10 16:30:00,179259,89,556,,,0.4013130068778991,0.911999969482422,0.4070000076293945,46,Right Foot,Open Play,Goal
ENG-Premier League,1718,2017-12-16 Manchester City-Tottenham,Tottenham,Christian Eriksen,1,2017,7298,2017-12-16 17:30:00,182729,82,646,,,0.0517630018293857,0.815,0.54,92,Left Foot,Open Play,Goal
ENG-Premier League,1718,2018-01-02 Manchester City-Watford,Watford,Andre Gray,1,2017,7335,2018-01-02 20:00:00,186459,90,1660,206624.0,André Carrillo,0.7146390080451965,0.9640000152587892,0.4820000076293945,81,Right Foot,Open Play,Goal
ENG-Premier League,1718,2018-01-14 Liverpool-Manchester City,Liverpool,Alex Oxlade-Chamberlain,1,2017,7343,2018-01-14 16:00:00,187937,87,966,208269.0,Roberto Firmino,0.0192499998956918,0.8080000305175781,0.3060000038146973,8,Right Foot,Open Play,Goal
ENG-Premier League,1718,2018-01-14 Liverpool-Manchester City,Liverpool,Mohamed Salah,1,2017,7343,2018-01-14 16:00:00,187956,87,1250,,,0.0115120997652411,0.664000015258789,0.6430000305175781,67,Left Foot,Open Play,Goal
ENG-Premier League,1718,2018-01-14 Liverpool-Manchester City,Liverpool,Roberto Firmino,1,2017,7343,2018-01-14 16:00:00,187953,87,482,208267.0,Alex Oxlade-Chamberlain,0.1454100012779235,0.889000015258789,0.6719999694824219,58,Right Foot,Open Play,Goal
ENG-Premier League,1718,2018-01-14 Liverpool-Manchester City,Liverpool,Sadio Mané,1,2017,7343,2018-01-14 16:00:00,187955,87,838,208268.0,Mohamed Salah,0.0941568985581398,0.8480000305175781,0.585,61,Left Foot,Open Play,Goal
ENG-Premier League,1718,2018-01-20 Manchester City-Newcastle United,Newcastle United,Jacob Murphy,1,2017,7354,2018-01-20 17:30:00,188926,86,6063,209377.0,Ciaran Clark,0.4199289977550506,0.860999984741211,0.4729999923706054,66,Right Foot,Open Play,Goal
ENG-Premier League,1718,2018-02-03 Burnley-Manchester City,Burnley,Johann Berg Gudmundsson,1,2017,7372,2018-02-03 12:30:00,193677,92,1663,214871.0,Matthew Lowton,0.3689559996128082,0.92,0.544000015258789,81,Left Foot,Open Play,Goal
ENG-Premier League,1718,2018-02-10 Manchester City-Leicester,Leicester,Jamie Vardy,1,2017,7382,2018-02-10 17:30:00,193899,75,755,,,0.0795179978013038,0.8430000305175781,0.4470000076293945,23,Right Foot,Open Play,Goal
ENG-Premier League,1718,2018-03-31 Everton-Manchester City,Everton,Yannick Bolasie,1,2017,7433,2018-03-31 17:30:00,204155,72,518,227088.0,Dominic Calvert-Lewin,0.040489200502634,0.8209999847412109,0.6719999694824219,62,Right Foot,Open Play,Goal
ENG-Premier League,1718,2018-04-07 Manchester City-Manchester United,Manchester United,Chris Smalling,1,2017,7445,2018-04-07 16:30:00,207035,89,628,230426.0,Alexis Sánchez,0.3789139986038208,0.9230000305175782,0.4459999847412109,68,Right Foot,Set Piece,Goal
ENG-Premier League,1718,2018-04-07 Manchester City-Manchester United,Manchester United,Paul Pogba,1,2017,7445,2018-04-07 16:30:00,207031,89,1740,230423.0,Ander Herrera,0.4499489963054657,0.921999969482422,0.4559999847412109,52,Right Foot,Open Play,Goal
ENG-Premier League,1718,2018-04-07 Manchester City-Manchester United,Manchester United,Paul Pogba,1,2017,7445,2018-04-07 16:30:00,207032,89,1740,230426.0,Alexis Sánchez,0.3457579910755157,0.9159999847412108,0.5259999847412109,54,,Open Play,Goal
ENG-Premier League,1718,2018-04-14 Tottenham-Manchester City,Tottenham,Christian Eriksen,1,2017,7457,2018-04-14 18:45:00,208834,82,646,,,0.1110619977116584,0.91,0.5670000076293945,41,Left Foot,Open Play,Goal
ENG-Premier League,1718,2018-04-29 West Ham-Manchester City,West Ham,Aaron Cresswell,1,2017,7478,2018-04-29 13:15:00,212349,81,534,,,0.0523161999881267,0.799000015258789,0.25,41,Left Foot,Direct Freekick,Goal
